<?xml version="1.0" encoding="UTF-8" ?>
<!-- Generated by Oracle SOA Modeler version 1.0 at [4/8/10 7:17 PM]. -->
<composite name="GWFGenericTemplate"
           revision="1.0"
           label="2010-04-08_19-17-07_725"
           mode="active"
           state="on"
           xmlns="http://xmlns.oracle.com/sca/1.0"
           xmlns:xs="http://www.w3.org/2001/XMLSchema"
           xmlns:wsp="http://schemas.xmlsoap.org/ws/2004/09/policy"
           xmlns:orawsp="http://schemas.oracle.com/ws/2006/01/policy"
           xmlns:ui="http://xmlns.oracle.com/soa/designer/">
  <import namespace="http://xmlns.oracle.com/ApprovalApp_jws/GWFGenericTemplate/ApprovalProcess"
          location="ApprovalProcess.wsdl" importType="wsdl"/>
  <import namespace="http://wls.ws.workflowservice.platform.iam.oracle/"
          location="CallbackServiceDefinitions.wsdl" importType="wsdl"/>
  <import namespace="http://xmlns.oracle.com/bpel/workflow/taskService"
          location="oramds:/soa/shared/workflow/TaskServiceInterface.wsdl"
          importType="wsdl"/>
  <import namespace="http://xmlns.oracle.com/RequestServiceApp_jws/RequestDataService/RequestDataService"
          location="requestdataservice.wsdl" importType="wsdl"/>
  <service name="RequestApprovalService"
           ui:wsdlLocation="ApprovalProcess.wsdl">
    <interface.wsdl interface="http://xmlns.oracle.com/ApprovalApp_jws/GWFGenericTemplate/ApprovalProcess#wsdl.interface(ApprovalProcess)"
                    callbackInterface="http://xmlns.oracle.com/ApprovalApp_jws/GWFGenericTemplate/ApprovalProcess#wsdl.interface(ApprovalProcessCallback)"/>
    <binding.ws port="http://xmlns.oracle.com/ApprovalApp_jws/GWFGenericTemplate/ApprovalProcess#wsdl.endpoint(approvalprocess_client_ep/ApprovalProcess_pt)">
      <wsp:PolicyReference URI="oracle/wss11_saml_or_username_token_with_message_protection_service_policy"
                           orawsp:category="security" orawsp:status="enabled"/>
      <property name="weblogic.wsee.wsat.transaction.flowOption"
                type="xs:string" many="false">NEVER</property>
    </binding.ws>
    <binding.adf registryName="registryName" serviceName="GWFGenericService"/>
    <callback>
      <binding.ws port="http://xmlns.oracle.com/ApprovalApp_jws/GWFGenericTemplate/ApprovalProcess#wsdl.endpoint(approvalprocess_client_ep/ApprovalProcessCallback_pt)">
        <wsp:PolicyReference URI="oracle/wss11_saml_token_with_message_protection_client_policy"
                             orawsp:category="security"
                             orawsp:status="enabled"/>
        <property name="keystore.recipient.alias" type="xs:string" many="false">xell</property>
        <property name="javax.xml.ws.security.auth.username" type="xs:string">weblogic</property>
      </binding.ws>
    </callback>
  </service>
  <component name="ApprovalProcess">
    <implementation.bpel src="ApprovalProcess.bpel"/>
  </component>
  <component name="ApprovalTask">
    <implementation.workflow src="ApprovalTask.task"/>
  </component>
  <component name="ChallengeTask">
    <implementation.workflow src="ChallengeTask.task"/>
  </component>
  <reference name="CallbackService_2"
             ui:wsdlLocation="CallbackServiceDefinitions.wsdl">
    <interface.wsdl interface="http://wls.ws.workflowservice.platform.iam.oracle/#wsdl.interface(CallbackService)"/>
    <binding.ws port="http://wls.ws.workflowservice.platform.iam.oracle/#wsdl.endpoint(CallbackService/CallbackServicePort)"
                location="CallbackServiceDefinitions.wsdl" soapVersion="1.1">
      <wsp:PolicyReference URI="oracle/wss11_saml_token_with_message_protection_client_policy"
                           orawsp:category="security" orawsp:status="enabled"/>
      <property name="keystore.recipient.alias" type="xs:string" many="false">xell</property>
      <property name="javax.xml.ws.security.auth.username" type="xs:string">weblogic</property>
    </binding.ws>
  </reference>
  <reference name="RequestWSPartnerLink"
             ui:wsdlLocation="requestdataservice.wsdl">
    <interface.wsdl interface="http://xmlns.oracle.com/RequestServiceApp_jws/RequestDataService/RequestDataService#wsdl.interface(RequestDataService)"/>
    <binding.ws port="http://xmlns.oracle.com/RequestServiceApp_jws/RequestDataService/RequestDataService#wsdl.endpoint(RequestDataService/RequestDataServicePort)"
                location="requestdataservice.wsdl" soapVersion="1.1">
      <wsp:PolicyReference URI="oracle/wss_username_token_client_policy"
                           orawsp:category="security" orawsp:status="enabled"/>
      <property name="csf-key" type="xs:string" many="false">OIMAdmin</property>
    </binding.ws>
  </reference>
  <wire>
    <source.uri>RequestApprovalService</source.uri>
    <target.uri>ApprovalProcess/RequestApprovalService</target.uri>
  </wire>
  <wire>
    <source.uri>ApprovalProcess/CallbackService</source.uri>
    <target.uri>CallbackService_2</target.uri>
  </wire>
  <wire>
    <source.uri>ApprovalProcess/ApprovalTask.TaskService_1</source.uri>
    <target.uri>ApprovalTask/TaskService</target.uri>
  </wire>
  <wire>
    <source.uri>ApprovalProcess/RequestWSPartnerLink</source.uri>
    <target.uri>RequestWSPartnerLink</target.uri>
  </wire>
</composite>
