<?xml version = '1.0' encoding = 'UTF-8'?>
<graphics>
   <diagram optimizeLayout="false" popupEditor="false" fixedWidthSwimlanes="true" roundedPartnerlinks="true" centerZoom="true" validateOnLoad="true" confirmBeforeDelete="true" selectedPartnerLinkColor="0,0,153" swimlaneBackground="240,240,240" swimlaneDividerBackground="218,218,218" graphBackground="255,255,255" selectedBorderBackground="49,105,198" connectedPartnerLinkColor="204,204,255" connectablePartnerLinkColor="0,0,255" unconnectedPartnerLinkColor="192,192,192"/>
   <annotationfile/>
   <iconize scope="no" catchall="no" dropzone="no" pick="no" catch="no" flow="no" javaembedding="no" onmessage="no" throw="no" onalarm="no" terminate="no" empty="no" sequence="no" compensate="no" optimize="no" transform="no" reply="no" validate="no" while="no" wait="no" compensationhandler="no" receive="no" assign="no" switch="no" invoke="no"/>
   <partnerlink_locations>
      <partnerlink name="RequestApprovalService" x="0" y="445" side="left"/>
      <partnerlink name="ApprovalTask.TaskService_1" x="0" y="18" side="left"/>
      <partnerlink name="RequestWSPartnerLink" x="0" y="164" side="left"/>
      <partnerlink name="CallbackService" x="941" y="479" side="right"/>
   </partnerlink_locations>
   <graph_layout viewport="0,0,1006,518" show_swimlanes="true">
      <layout_item collapsed="false" xpath="/process" type="process" showhandlers="true"/>
      <layout_item collapsed="false" xpath="/process/faultHandlers/catchAll" type="catchall"/>
      <layout_item collapsed="false" xpath="/process/faultHandlers/catchAll/sequence" type="sequence"/>
      <layout_item collapsed="false" xpath="/process/sequence" type="sequence"/>
      <layout_item collapsed="true" xpath="/process/sequence/scope" type="usertask" showhandlers="true"/>
      <layout_item collapsed="false" xpath="/process/sequence/scope/sequence" type="sequence"/>
      <layout_item collapsed="false" xpath="/process/sequence/switch" type="switch"/>
      <layout_item collapsed="false" xpath="/process/sequence/switch/case[1]/sequence" type="sequence"/>
      <layout_item collapsed="false" xpath="/process/sequence/switch/case[2]/sequence" type="sequence"/>
      <layout_item collapsed="false" xpath="/process/sequence/switch/otherwise/sequence" type="sequence"/>
   </graph_layout>
   <bookmarks/>
</graphics>
