<?xml version = '1.0' encoding = 'UTF-8'?>
<Faults>
   <Fault>
      <severity>warning</severity>
      <loc>/ns:composite/ns:component[@name='ChallengeTask/TaskService']</loc>
      <line/>
      <col/>
      <file>/ade/rakk_iamcomp/iam/iam-product/features/request/bpel-workflow-templates/ApprovalApp/GWFGenericTemplate/composite.xml</file>
      <name>/ade/rakk_iamcomp/iam/iam-product/features/request/bpel-workflow-templates/ApprovalApp/GWFGenericTemplate/composite.xml</name>
      <fix/>
      <msg>The service "TaskService" exposed by component "ChallengeTask" is not wired to/used by any other component.</msg>
   </Fault>
   <Fault>
      <severity>warning</severity>
      <loc/>
      <line>84</line>
      <col/>
      <file>ApprovalProcess.bpel</file>
      <name>ApprovalProcess.bpel</name>
      <fix>Make sure that the return value of from-spec query is compatible with the to-spec query</fix>
      <msg>&lt;from> value type "{http://www.w3.org/2001/XMLSchema}string" is not compatible with &lt;to> value type "{http://www.w3.org/2005/08/addressing}AttributedURIType"</msg>
   </Fault>
   <Fault>
      <severity>warning</severity>
      <loc/>
      <line>366</line>
      <col/>
      <file>ApprovalProcess.bpel</file>
      <name>ApprovalProcess.bpel</name>
      <fix>Make sure that the return value of from-spec query is compatible with the to-spec query</fix>
      <msg>&lt;from> value type "{http://www.w3.org/2001/XMLSchema}string" is not compatible with &lt;to> value type "{http://www.w3.org/2005/08/addressing}AttributedURIType"</msg>
   </Fault>
   <Fault>
      <severity>warning</severity>
      <loc/>
      <line/>
      <col/>
      <file>ApprovalTask.task</file>
      <name>ApprovalTask.task</name>
      <fix/>
      <msg>Error assignee not specified</msg>
   </Fault>
   <Fault>
      <severity>warning</severity>
      <loc/>
      <line/>
      <col/>
      <file>ChallengeTask.task</file>
      <name>ChallengeTask.task</name>
      <fix/>
      <msg>Error assignee not specified</msg>
   </Fault>
</Faults>
